epoch,batch,loss,time
0,10,0.7325013458728791,1759972033.7863927
0,20,0.7297292977571488,1759972033.8543122
0,30,0.7288051386674245,1759972033.919767
0,40,0.726282100379467,1759972033.9865782
0,50,0.7230867743492126,1759972034.0506473
0,60,0.7205129692951838,1759972034.1132045
0,70,0.7173404710633414,1759972034.1845171
0,80,0.7135181859135628,1759972034.2531416
0,90,0.7100131266646915,1759972034.3211887
0,100,0.7065457767248153,1759972034.389614
0,110,0.7028173695911061,1759972034.4591603
0,120,0.6990516940752666,1759972034.524626
0,130,0.6952029150265914,1759972034.5861635
0,140,0.6912435616765703,1759972034.6487882
0,150,0.6871488956610362,1759972034.7129676
0,160,0.6826521568000317,1759972034.7992039
1,10,0.6117773473262786,1759972035.5579355
1,20,0.6099134534597397,1759972035.6229131
1,30,0.6073051730791728,1759972035.6868527
1,40,0.6044891014695167,1759972035.753723
1,50,0.6009618568420411,1759972035.8185127
1,60,0.5974445611238479,1759972035.8841662
1,70,0.5941493238721575,1759972035.9502876
1,80,0.5915947809815407,1759972036.012871
1,90,0.588882315158844,1759972036.0751626
1,100,0.5851741832494736,1759972036.1373866
1,110,0.5828932209448381,1759972036.2055879
1,120,0.5797728230555852,1759972036.2722218
1,130,0.5774709990391365,1759972036.3377922
1,140,0.574803376197815,1759972036.401504
1,150,0.572924698193868,1759972036.462218
1,160,0.5710712693631649,1759972036.5337858
2,10,0.5369245827198028,1759972037.346408
2,20,0.5291378766298294,1759972037.4193585
2,30,0.5268878489732742,1759972037.4890645
2,40,0.5233101129531861,1759972037.5548627
2,50,0.5247774970531464,1759972037.6221337
2,60,0.523160670697689,1759972037.6908998
2,70,0.5212799093552998,1759972037.7601688
2,80,0.518339017033577,1759972037.8289707
2,90,0.5165742913881938,1759972037.8976912
2,100,0.5144901412725449,1759972037.9668133
2,110,0.5124207518317483,1759972038.0403144
2,120,0.5109231352806092,1759972038.1117344
2,130,0.5093974952514355,1759972038.1788805
2,140,0.5078041753598622,1759972038.2467847
2,150,0.5060821797450383,1759972038.3126464
2,160,0.5039505571126938,1759972038.3898246
3,10,0.4683124005794525,1759972039.12041
3,20,0.4725964620709419,1759972039.1843016
3,30,0.47372397780418396,1759972039.2467396
3,40,0.4729089602828026,1759972039.3119268
3,50,0.46986377775669097,1759972039.3745916
3,60,0.4690430502096812,1759972039.4413354
3,70,0.4665692584855216,1759972039.5031002
3,80,0.4644883260130882,1759972039.569163
3,90,0.46319426364368865,1759972039.630823
3,100,0.46084447085857394,1759972039.692472
3,110,0.45994638936086135,1759972039.7532783
3,120,0.45857348243395485,1759972039.8148797
3,130,0.45563828761761005,1759972039.876708
3,140,0.45388802332537515,1759972039.937714
3,150,0.45295463065306346,1759972039.9987895
3,160,0.45142208896577357,1759972040.0688114
4,10,0.43703157007694243,1759972040.7723057
4,20,0.4337721735239029,1759972040.8380659
4,30,0.43055775860945383,1759972040.9043906
4,40,0.4267059527337551,1759972040.9698777
4,50,0.4226373940706253,1759972041.041338
4,60,0.42184528013070427,1759972041.11791
4,70,0.41906171313353946,1759972041.18359
4,80,0.41727970652282237,1759972041.2512527
4,90,0.4147537307606803,1759972041.3170452
4,100,0.4136661896109581,1759972041.3829677
4,110,0.41335969133810563,1759972041.4476047
4,120,0.4119037551184495,1759972041.5122647
4,130,0.41056939271780163,1759972041.5761817
4,140,0.4093846655317715,1759972041.6410697
4,150,0.40824660857518513,1759972041.7087967
4,160,0.407192094437778,1759972041.7784922
5,10,0.38762096166610716,1759972042.472336
5,20,0.3848894745111465,1759972042.5391629
5,30,0.38623085419336955,1759972042.6060317
5,40,0.3866222433745861,1759972042.6724677
5,50,0.3840184015035629,1759972042.7393243
5,60,0.3834939420223236,1759972042.8047125
5,70,0.38220807569367543,1759972042.8720272
5,80,0.3833920419216156,1759972042.938728
5,90,0.3820271111196942,1759972043.0058882
5,100,0.3814446872472763,1759972043.0712764
5,110,0.3816729171709581,1759972043.137579
5,120,0.3808120355010033,1759972043.2049334
5,130,0.37994568554254676,1759972043.2712686
5,140,0.37929640816790716,1759972043.3385346
5,150,0.3791773498058319,1759972043.4039369
5,160,0.37829846814274787,1759972043.4779613
6,10,0.3716087579727173,1759972044.1590197
6,20,0.37113714069128034,1759972044.2293193
6,30,0.37125819325447085,1759972044.2984273
6,40,0.3691457539796829,1759972044.3604145
6,50,0.37144812107086184,1759972044.423494
6,60,0.36996109038591385,1759972044.4866352
6,70,0.3684286206960678,1759972044.5493774
6,80,0.367921157553792,1759972044.6122103
6,90,0.36866200864315035,1759972044.6776578
6,100,0.3677743077278137,1759972044.7482257
6,110,0.36695709905841134,1759972044.8157008
6,120,0.36614542131622635,1759972044.8817756
6,130,0.366322627892861,1759972044.9475133
6,140,0.3663238619055067,1759972045.0129185
6,150,0.3661815983057022,1759972045.0775797
6,160,0.3656867630779743,1759972045.1498883
7,10,0.3727773934602737,1759972045.9671366
7,20,0.36729680448770524,1759972046.0392044
7,30,0.36167138715585073,1759972046.1067505
7,40,0.36175585687160494,1759972046.1739626
7,50,0.36274531960487366,1759972046.2398963
7,60,0.36215382168690363,1759972046.306196
7,70,0.36135287540299554,1759972046.3727517
7,80,0.36012484729290006,1759972046.441627
7,90,0.3589076194498274,1759972046.5082006
7,100,0.3590063706040382,1759972046.5733798
7,110,0.35889157110994513,1759972046.6382802
7,120,0.35914659475286803,1759972046.7047753
7,130,0.35861886739730836,1759972046.7713876
7,140,0.35777836612292696,1759972046.8378334
7,150,0.3576758207877477,1759972046.9052155
7,160,0.3569873243570328,1759972046.98292
8,10,0.36134580969810487,1759972047.7319562
8,20,0.35193897038698196,1759972047.8057973
8,30,0.3513316889603933,1759972047.8797266
8,40,0.353392006456852,1759972047.9545493
8,50,0.34879138827323913,1759972048.0258088
8,60,0.3492013578613599,1759972048.1076977
8,70,0.34868451271738327,1759972048.185515
8,80,0.3486139174550772,1759972048.2546191
8,90,0.3489868293205897,1759972048.3173282
8,100,0.34789525240659713,1759972048.3791332
8,110,0.3483589933677153,1759972048.4413645
8,120,0.34847688128550847,1759972048.5021174
8,130,0.3481694411772948,1759972048.5630252
8,140,0.34872821335281645,1759972048.6234736
8,150,0.34833607335885364,1759972048.6890633
8,160,0.3482083445414901,1759972048.7593727
9,10,0.3394667714834213,1759972049.5191314
9,20,0.34069198817014695,1759972049.588393
9,30,0.33841909070809684,1759972049.6526787
9,40,0.3382043711841106,1759972049.716925
9,50,0.33708695590496063,1759972049.778746
9,60,0.33991891543070474,1759972049.8425708
9,70,0.3404413512774876,1759972049.9066155
9,80,0.34056009687483313,1759972049.9697545
9,90,0.33966771761576336,1759972050.0377278
9,100,0.3410696023702621,1759972050.1026149
9,110,0.3424519021402706,1759972050.1663373
9,120,0.34232929969827336,1759972050.2277832
9,130,0.34140537908444035,1759972050.2902143
9,140,0.3409495736871447,1759972050.352362
9,150,0.34062396268049877,1759972050.414908
9,160,0.3397482639178634,1759972050.4950147
10,10,0.33070985972881317,1759972051.241588
10,20,0.340020065009594,1759972051.3175955
10,30,0.3364044507344564,1759972051.3861485
10,40,0.3405387319624424,1759972051.4519546
10,50,0.3387470489740372,1759972051.5195522
10,60,0.33831827839215595,1759972051.587473
10,70,0.33861179649829865,1759972051.655643
10,80,0.3375096771866083,1759972051.7242107
10,90,0.3360866576433182,1759972051.7972574
10,100,0.3349250707030296,1759972051.8604422
10,110,0.33480905023488133,1759972051.922799
10,120,0.33461837048331894,1759972051.9887104
10,130,0.33456676946236535,1759972052.050766
10,140,0.33391128884894505,1759972052.111433
10,150,0.3340611453851064,1759972052.1731539
10,160,0.3336277881637216,1759972052.2528055
11,10,0.3390022337436676,1759972053.005524
11,20,0.3316586673259735,1759972053.0744407
11,30,0.327855059504509,1759972053.1478448
11,40,0.32799032628536223,1759972053.2148628
11,50,0.3291849744319916,1759972053.2796233
11,60,0.3291992574930191,1759972053.3494568
11,70,0.3281879522970745,1759972053.4246073
11,80,0.3290055297315121,1759972053.4976766
11,90,0.3291569388575024,1759972053.5647051
11,100,0.32958008229732516,1759972053.627629
11,110,0.33008504482832823,1759972053.7072067
11,120,0.3300296925008297,1759972053.7752874
11,130,0.3298463055720696,1759972053.8422232
11,140,0.3298783076660974,1759972053.9050477
11,150,0.3297944766283035,1759972053.9661746
11,160,0.3292958615347743,1759972054.0445302
12,10,0.32620691061019896,1759972054.7964475
12,20,0.32411377876996994,1759972054.8610873
12,30,0.32091401716073353,1759972054.9256845
12,40,0.32258705124258996,1759972054.9923034
12,50,0.3265446376800537,1759972055.0563922
12,60,0.32678082982699075,1759972055.1198735
12,70,0.32721167419637953,1759972055.1827123
12,80,0.32708391882479193,1759972055.2463448
12,90,0.32636475265026094,1759972055.308964
12,100,0.3269667172431946,1759972055.3706987
12,110,0.32727500823411076,1759972055.432644
12,120,0.32522342205047605,1759972055.4949138
12,130,0.3257165159170444,1759972055.5562048
12,140,0.3252622923680714,1759972055.6180513
12,150,0.3254980500539144,1759972055.6801183
12,160,0.32521033752709627,1759972055.7564275
13,10,0.3291282445192337,1759972056.5082111
13,20,0.32951638847589493,1759972056.5774817
13,30,0.3274461805820465,1759972056.643696
13,40,0.328435429930687,1759972056.7069416
13,50,0.32330955028533936,1759972056.778372
13,60,0.3221150944630305,1759972056.8467572
13,70,0.3212265350988933,1759972056.9076755
13,80,0.32117782458662986,1759972056.9693265
13,90,0.32059291501839954,1759972057.0309381
13,100,0.3208708706498146,1759972057.0931954
13,110,0.3210404715754769,1759972057.1575482
13,120,0.32126894866426786,1759972057.219054
13,130,0.3209843202279164,1759972057.2808664
13,140,0.3212591330919947,1759972057.3437364
13,150,0.3213860354820887,1759972057.4054081
13,160,0.32167940530925987,1759972057.479594
14,10,0.31463937759399413,1759972058.2227368
14,20,0.3124528780579567,1759972058.286673
14,30,0.31258939802646635,1759972058.348652
14,40,0.3149896837770939,1759972058.4104836
14,50,0.31457089602947236,1759972058.4728608
14,60,0.31549877176682156,1759972058.5399623
14,70,0.3158127708094461,1759972058.6021893
14,80,0.31794907078146933,1759972058.6640348
14,90,0.3190015580919054,1759972058.7253118
14,100,0.31935774475336076,1759972058.7863898
14,110,0.3191980120810595,1759972058.848925
14,120,0.3197338486711184,1759972058.910695
14,130,0.31885466369298787,1759972058.9714785
14,140,0.31871253145592554,1759972059.0339618
14,150,0.3189151098330816,1759972059.0955555
14,160,0.3184823391959071,1759972059.166253
15,10,0.3163246899843216,1759972059.9328651
15,20,0.30923929810523987,1759972059.9979706
15,30,0.3113491972287496,1759972060.062798
15,40,0.3116499461233616,1759972060.1260567
15,50,0.31280049204826355,1759972060.1880472
15,60,0.31315042128165566,1759972060.2511554
15,70,0.31482677502291545,1759972060.3131394
15,80,0.3146876309067011,1759972060.376558
15,90,0.3168859081135856,1759972060.4383008
15,100,0.3161348283290863,1759972060.4996362
15,110,0.31695343364368783,1759972060.5645645
15,120,0.31617851679523784,1759972060.6268907
15,130,0.3156233546825556,1759972060.6890035
15,140,0.31617179065942763,1759972060.750639
15,150,0.31523033579190574,1759972060.8123734
15,160,0.31550070736557245,1759972060.888511
16,10,0.31224879920482634,1759972061.6168025
16,20,0.3035356715321541,1759972061.6824288
16,30,0.3111028254032135,1759972061.7485604
16,40,0.31229778826236726,1759972061.8228402
16,50,0.31103910505771637,1759972061.8879225
16,60,0.31369851728280385,1759972061.9518528
16,70,0.31514837869576046,1759972062.023228
16,80,0.3140685182064772,1759972062.091162
16,90,0.31402737895647687,1759972062.1593666
16,100,0.314302060008049,1759972062.2276113
16,110,0.31354002383622254,1759972062.2954488
16,120,0.313518425822258,1759972062.364278
16,130,0.3128639879134985,1759972062.4315088
16,140,0.3121555036732129,1759972062.5115087
16,150,0.3122425929705302,1759972062.5884354
16,160,0.31261151321232317,1759972062.6632435
17,10,0.31618551909923553,1759972063.337635
17,20,0.3136244922876358,1759972063.4014888
17,30,0.30864695211251575,1759972063.4640129
17,40,0.3094633646309376,1759972063.5273983
17,50,0.3123471862077713,1759972063.590597
17,60,0.3124264712134997,1759972063.6530483
17,70,0.312969828077725,1759972063.7143896
17,80,0.3117173083126545,1759972063.7762203
17,90,0.31080348789691925,1759972063.8374248
17,100,0.31056267619132993,1759972063.897471
17,110,0.31078819713809275,1759972063.9602034
17,120,0.31124551345904666,1759972064.021769
17,130,0.31130963472219614,1759972064.0830986
17,140,0.31109657692057746,1759972064.1483428
17,150,0.31054467797279356,1759972064.2134476
17,160,0.3098978815600276,1759972064.2850313
18,10,0.29840669333934783,1759972064.9685922
18,20,0.30730063617229464,1759972065.0367815
18,30,0.3061539192994436,1759972065.101804
18,40,0.3063954722136259,1759972065.1643865
18,50,0.3066989198327065,1759972065.2288446
18,60,0.30608230208357173,1759972065.2919009
18,70,0.307559697329998,1759972065.3547606
18,80,0.3070907013490796,1759972065.4172804
18,90,0.306411715845267,1759972065.4840834
18,100,0.3061294223368168,1759972065.5541859
18,110,0.30631903044202113,1759972065.6232233
18,120,0.30644786345462005,1759972065.6939802
18,130,0.30575589480308385,1759972065.7600238
18,140,0.30615633885775295,1759972065.824524
18,150,0.3064291219909986,1759972065.8929844
18,160,0.3073661723174155,1759972065.9667904
19,10,0.3111053675413132,1759972066.7012744
19,20,0.3027476370334625,1759972066.7700984
19,30,0.30387750267982483,1759972066.8371832
19,40,0.30104289054870603,1759972066.9090734
19,50,0.3009609258174896,1759972066.9726655
19,60,0.3024154355128606,1759972067.0354948
19,70,0.3036595097609929,1759972067.0972953
19,80,0.302973323687911,1759972067.1590836
19,90,0.3042677018377516,1759972067.2217853
19,100,0.30507560193538663,1759972067.2860758
19,110,0.304314555905082,1759972067.3488526
19,120,0.3049895353615284,1759972067.4360645
19,130,0.3053202177469547,1759972067.5107458
19,140,0.30526610059397563,1759972067.5750136
19,150,0.30539082884788515,1759972067.6421435
19,160,0.3048699973151088,1759972067.7207227
20,10,0.304261127114296,1759972068.4021246
20,20,0.302008780837059,1759972068.4701471
20,30,0.30415308276812236,1759972068.537595
20,40,0.3059338957071304,1759972068.6017714
20,50,0.30383130490779875,1759972068.6655107
20,60,0.3027602230509122,1759972068.727235
20,70,0.3035395085811615,1759972068.7905111
20,80,0.30442993342876434,1759972068.8532052
20,90,0.3026379005776511,1759972068.9164333
20,100,0.30240796476602555,1759972068.9779258
20,110,0.30197951549833474,1759972069.039542
20,120,0.30207406654953955,1759972069.1022267
20,130,0.30208409978793216,1759972069.1641428
20,140,0.30222427248954775,1759972069.226106
20,150,0.3028283468882243,1759972069.2864993
20,160,0.3024464428424835,1759972069.361325
21,10,0.3089006245136261,1759972070.0740805
21,20,0.3032273411750793,1759972070.13838
21,30,0.30479016005992887,1759972070.2003918
21,40,0.3029130771756172,1759972070.2635205
21,50,0.30172920107841494,1759972070.325358
21,60,0.3022277365128199,1759972070.3878558
21,70,0.30282995913709915,1759972070.4550273
21,80,0.3004127385094762,1759972070.5193236
21,90,0.29984443071815703,1759972070.5835512
21,100,0.30020153895020485,1759972070.6484725
21,110,0.2987774216315963,1759972070.7128701
21,120,0.29867243530849613,1759972070.7766435
21,130,0.2990220226920568,1759972070.841972
21,140,0.2993403657206467,1759972070.906118
21,150,0.29961523552735647,1759972070.970494
21,160,0.30005219839513303,1759972071.0407116
22,10,0.29561678469181063,1759972071.7845166
22,20,0.29524489045143126,1759972071.8544881
22,30,0.2933356136083603,1759972071.9252985
22,40,0.29172867089509963,1759972072.003644
22,50,0.29313278555870054,1759972072.0662491
22,60,0.2953442851702372,1759972072.1323748
22,70,0.29778773827212196,1759972072.2018516
22,80,0.2987011980265379,1759972072.266472
22,90,0.2984522395663791,1759972072.330866
22,100,0.2970636638998985,1759972072.3979275
22,110,0.29680812616239893,1759972072.4617064
22,120,0.29770077057182787,1759972072.5254087
22,130,0.29734271065546913,1759972072.5882604
22,140,0.29741932270782334,1759972072.650672
22,150,0.29732610821723937,1759972072.7125888
22,160,0.29768143510445955,1759972072.7937784
23,10,0.29753156900405886,1759972073.5225961
23,20,0.2945209503173828,1759972073.5934222
23,30,0.29088186224301654,1759972073.6637518
23,40,0.2951975785195827,1759972073.730644
23,50,0.2957121628522873,1759972073.7962272
23,60,0.2976052492856979,1759972073.8628223
23,70,0.29798008799552916,1759972073.9295528
23,80,0.29953502528369425,1759972073.9957902
23,90,0.29829171299934387,1759972074.0607545
23,100,0.2967744863033295,1759972074.1440346
23,110,0.29613634049892423,1759972074.2251868
23,120,0.2956560678780079,1759972074.2925558
23,130,0.2949415727303578,1759972074.359876
23,140,0.29474643117615157,1759972074.4276795
23,150,0.29495633115371067,1759972074.4962249
23,160,0.29549573129042983,1759972074.5773575
24,10,0.2941337823867798,1759972075.2962418
24,20,0.29599778056144715,1759972075.3626616
24,30,0.29765639702479046,1759972075.426842
24,40,0.2960963428020477,1759972075.4895322
24,50,0.2951306176185608,1759972075.553028
24,60,0.2949801544348399,1759972075.618025
24,70,0.2951833250267165,1759972075.682944
24,80,0.2960041595622897,1759972075.7468789
24,90,0.29381991955969067,1759972075.811776
24,100,0.2938524624705315,1759972075.8763733
24,110,0.2939536996863105,1759972075.951526
24,120,0.2932930608590444,1759972076.0159316
24,130,0.29262915139014906,1759972076.0786648
24,140,0.29244929466928754,1759972076.141098
24,150,0.29304585377375286,1759972076.2031126
24,160,0.29333979822695255,1759972076.2743163
25,10,0.2873616755008698,1759972077.0144231
25,20,0.2816173188388348,1759972077.0782807
25,30,0.2858819489677747,1759972077.14273
25,40,0.28881020210683345,1759972077.205528
25,50,0.28823532313108446,1759972077.2676036
25,60,0.2893444187939167,1759972077.330605
25,70,0.29043333594288145,1759972077.394347
25,80,0.2910496169701219,1759972077.4564066
25,90,0.29110550532738366,1759972077.518128
25,100,0.29186323419213295,1759972077.5800512
25,110,0.2915834642269395,1759972077.6420996
25,120,0.2921588201075792,1759972077.7026691
25,130,0.29154366220419226,1759972077.763479
25,140,0.2916493291301387,1759972077.8249407
25,150,0.2915210587779681,1759972077.8857534
25,160,0.2913982910104096,1759972077.9652967
26,10,0.28729819804430007,1759972078.6346009
26,20,0.29279188737273215,1759972078.706333
26,30,0.2932218944032987,1759972078.77125
26,40,0.29004816748201845,1759972078.8371177
26,50,0.2891594269871712,1759972078.9157062
26,60,0.2887530289590359,1759972078.982176
26,70,0.28872152801070894,1759972079.0459816
26,80,0.2886516397818923,1759972079.1064472
26,90,0.2882331763704618,1759972079.1680186
26,100,0.2887327781319618,1759972079.2298403
26,110,0.28974620374766263,1759972079.2912102
26,120,0.29012938936551413,1759972079.352993
26,130,0.2896525208766644,1759972079.414025
26,140,0.28909718841314314,1759972079.4757648
26,150,0.28973703960577646,1759972079.5398338
26,160,0.2894891485571861,1759972079.6119158
27,10,0.28900186419487,1759972080.340126
27,20,0.2909904643893242,1759972080.4067113
27,30,0.2892321606477102,1759972080.472397
27,40,0.28732898607850077,1759972080.5375493
27,50,0.2864872950315476,1759972080.599382
27,60,0.286162139972051,1759972080.661995
27,70,0.28636199831962583,1759972080.7224302
27,80,0.2863528361544013,1759972080.7830794
27,90,0.28658018393648993,1759972080.844785
27,100,0.2862407071888447,1759972080.9073226
27,110,0.28707912848754363,1759972080.9681025
27,120,0.28791142739355563,1759972081.0292249
27,130,0.2869973830305613,1759972081.089754
27,140,0.28737984193222865,1759972081.1512012
27,150,0.2877696599562963,1759972081.2125585
27,160,0.2875332538038492,1759972081.2821543
28,10,0.2916258260607719,1759972082.0091655
28,20,0.2924339883029461,1759972082.0819623
28,30,0.29044266293446225,1759972082.1500752
28,40,0.2886518407613039,1759972082.217127
28,50,0.2866389194130898,1759972082.2833934
28,60,0.28585155780116717,1759972082.3446894
28,70,0.2844419451696532,1759972082.4053826
28,80,0.2845494294539094,1759972082.4665132
28,90,0.28465924478239485,1759972082.527311
28,100,0.2844816924631596,1759972082.5909936
28,110,0.2845841956409541,1759972082.65084
28,120,0.284503806134065,1759972082.7109475
28,130,0.28477672063387355,1759972082.7713475
28,140,0.283915941630091,1759972082.8321586
28,150,0.2849431069691976,1759972082.8924139
28,160,0.285553564876318,1759972082.9668593
29,10,0.27964254170656205,1759972083.682082
29,20,0.2832165814936161,1759972083.752419
29,30,0.28332300335168836,1759972083.8185954
29,40,0.2853523541241884,1759972083.8853388
29,50,0.2843956542015076,1759972083.9517372
29,60,0.2841145992279053,1759972084.0176268
29,70,0.28450219077723365,1759972084.0835161
29,80,0.28430477939546106,1759972084.1493254
29,90,0.28423398468229505,1759972084.2150817
29,100,0.28418801844120023,1759972084.2809813
29,110,0.2827411936088042,1759972084.3480315
29,120,0.2828248375405868,1759972084.4135766
29,130,0.28341277895065453,1759972084.479179
29,140,0.2836826109460422,1759972084.545642
29,150,0.28352960546811423,1759972084.6125417
29,160,0.2838762623257935,1759972084.699588
30,10,0.27657374143600466,1759972085.36818
30,20,0.27999797835946083,1759972085.431051
30,30,0.27989562501509985,1759972085.4926295
30,40,0.2787182632833719,1759972085.5544834
30,50,0.2774031066894531,1759972085.6151018
30,60,0.2778288890918096,1759972085.676974
30,70,0.2785182071583612,1759972085.7389612
30,80,0.27800387255847453,1759972085.8021448
30,90,0.27987496289942,1759972085.8632307
30,100,0.28083914414048194,1759972085.9241316
30,110,0.2809741067615422,1759972085.984768
30,120,0.2815423553188642,1759972086.0463052
30,130,0.2811267919265307,1759972086.107122
30,140,0.2812444548521723,1759972086.1684954
30,150,0.2824579526980718,1759972086.229839
30,160,0.2820618819445372,1759972086.3013413
31,10,0.28127822279930115,1759972087.0562084
31,20,0.2802288293838501,1759972087.1217349
31,30,0.2790933132171631,1759972087.185793
31,40,0.2821660477668047,1759972087.2493236
31,50,0.285190087556839,1759972087.3220415
31,60,0.28469502304991084,1759972087.3860273
31,70,0.2854219064116478,1759972087.4497578
31,80,0.2838567430153489,1759972087.512911
31,90,0.28359783573283087,1759972087.5769281
31,100,0.2833928062021732,1759972087.6403482
31,110,0.2824245417659933,1759972087.7085686
31,120,0.2818919272472461,1759972087.7743611
31,130,0.28105156662372444,1759972087.8386981
31,140,0.28019102034824234,1759972087.903127
31,150,0.28017676413059234,1759972087.9668024
31,160,0.28030328582972286,1759972088.0376134
32,10,0.27903101295232774,1759972088.7342372
32,20,0.2791954778134823,1759972088.7984474
32,30,0.27831983417272566,1759972088.8623464
32,40,0.2784826699644327,1759972088.9271464
32,50,0.27907510966062543,1759972088.9913654
32,60,0.27929856553673743,1759972089.0539155
32,70,0.2796231714742524,1759972089.1173139
32,80,0.2795508349314332,1759972089.181229
32,90,0.2789895443452729,1759972089.2451425
32,100,0.2788197658956051,1759972089.3095553
32,110,0.2782185950062492,1759972089.3726087
32,120,0.2782203067094088,1759972089.4349225
32,130,0.2781173891746081,1759972089.4972737
32,140,0.27747510873845643,1759972089.5599506
32,150,0.2785137332479159,1759972089.6227212
32,160,0.27861996041610837,1759972089.694643
33,10,0.28086828887462617,1759972090.4094245
33,20,0.2830387055873871,1759972090.4759727
33,30,0.2817194044589996,1759972090.5411582
33,40,0.27867251001298426,1759972090.6092317
33,50,0.2783809059858322,1759972090.6752121
33,60,0.27731455614169437,1759972090.7385175
33,70,0.27736066047634395,1759972090.800711
33,80,0.2767778092995286,1759972090.8711972
33,90,0.27734755492872665,1759972090.9346666
33,100,0.27711301982402803,1759972090.9986763
33,110,0.27662882263010197,1759972091.0602975
33,120,0.2761370825270812,1759972091.1219864
33,130,0.27544062779499934,1759972091.187397
33,140,0.2757224623646055,1759972091.2495754
33,150,0.2763414498170217,1759972091.3102086
33,160,0.2769096715375781,1759972091.3785553
34,10,0.26835553646087645,1759972092.0744684
34,20,0.2719126410782337,1759972092.1401365
34,30,0.2681123524904251,1759972092.2008042
34,40,0.27105226665735244,1759972092.2623615
34,50,0.2707875183224678,1759972092.3242688
34,60,0.271773071338733,1759972092.394013
34,70,0.2732453863535609,1759972092.4597104
34,80,0.27349699158221485,1759972092.5246449
34,90,0.27532493422428767,1759972092.591833
34,100,0.27542413383722303,1759972092.6568825
34,110,0.2759943108667027,1759972092.720948
34,120,0.27628866309920946,1759972092.786827
34,130,0.2761002657505182,1759972092.849632
34,140,0.27624101319483346,1759972092.9112039
34,150,0.275294240017732,1759972092.973638
34,160,0.2753027383238077,1759972093.046467
35,10,0.2667494922876358,1759972093.7352526
35,20,0.267044885456562,1759972093.8018844
35,30,0.2710103621085485,1759972093.8643522
35,40,0.26959839314222334,1759972093.9269586
35,50,0.26943681538105013,1759972093.9899905
35,60,0.2705086037516594,1759972094.0520663
35,70,0.2693947319473539,1759972094.1143055
35,80,0.2703031009063125,1759972094.1766095
35,90,0.27288246982627445,1759972094.2384381
35,100,0.2732561585307121,1759972094.3000276
35,110,0.27309795970266515,1759972094.3625762
35,120,0.27306451673309007,1759972094.4234507
35,130,0.2733746334910393,1759972094.4843974
35,140,0.2735555501920836,1759972094.5446076
35,150,0.27318402876456577,1759972094.6065779
35,160,0.2735279582440853,1759972094.6827652
36,10,0.2742018461227417,1759972095.4158452
36,20,0.2748026832938194,1759972095.4785042
36,30,0.27632099092006684,1759972095.5393424
36,40,0.2782858394086361,1759972095.60053
36,50,0.2757479965686798,1759972095.6619813
36,60,0.2736115619540215,1759972095.7246346
36,70,0.27219057423727855,1759972095.78987
36,80,0.2737020680680871,1759972095.856602
36,90,0.2729815332425965,1759972095.9241738
36,100,0.2734851013123989,1759972095.9934733
36,110,0.2730987757444382,1759972096.0589812
36,120,0.273459355160594,1759972096.1238182
36,130,0.2739414997971975,1759972096.1886036
36,140,0.2727390106235232,1759972096.2491806
36,150,0.2722761528690656,1759972096.31025
36,160,0.27181353634223343,1759972096.3818743
37,10,0.26635735780000686,1759972097.0966184
37,20,0.2720352806150913,1759972097.1901138
37,30,0.26825697471698123,1759972097.2633262
37,40,0.26912348754703996,1759972097.3282251
37,50,0.27086528748273847,1759972097.3943512
37,60,0.2707387703160445,1759972097.4576619
37,70,0.27143984735012056,1759972097.5204427
37,80,0.27038073260337114,1759972097.5826924
37,90,0.2696664727396435,1759972097.6493547
37,100,0.27056400462985036,1759972097.7141645
37,110,0.27045091878284105,1759972097.7792172
37,120,0.27018717117607594,1759972097.8442554
37,130,0.2700896179446807,1759972097.9153104
37,140,0.26998210261975014,1759972097.9798298
37,150,0.26995690325895944,1759972098.0440044
37,160,0.2700427697040141,1759972098.1229208
38,10,0.2813542753458023,1759972098.814198
38,20,0.27207344248890875,1759972098.879774
38,30,0.27087948471307755,1759972098.9612925
38,40,0.27150475047528744,1759972099.0254152
38,50,0.27174756675958633,1759972099.0904055
38,60,0.27313437312841415,1759972099.1536045
38,70,0.27226498148271017,1759972099.2177463
38,80,0.27232649717479945,1759972099.2811947
38,90,0.27199501593907677,1759972099.3437064
38,100,0.2718829753994942,1759972099.4073355
38,110,0.27137369201941924,1759972099.4701858
38,120,0.2707916154215733,1759972099.5330296
38,130,0.27047874950445616,1759972099.5946312
38,140,0.2693220539816788,1759972099.6555755
38,150,0.268775887688001,1759972099.716809
38,160,0.2680158864706755,1759972099.788285
39,10,0.26785659044981003,1759972100.4671104
39,20,0.26752037182450294,1759972100.5287368
39,30,0.2690094436208407,1759972100.592355
39,40,0.26745559051632883,1759972100.6608407
39,50,0.2655769777297974,1759972100.7265866
39,60,0.26458649734656015,1759972100.7911487
39,70,0.26563244866473334,1759972100.8551855
39,80,0.26629760041832923,1759972100.9189618
39,90,0.2664836363659965,1759972100.9820027
39,100,0.26721092775464056,1759972101.0462239
39,110,0.2665722135793079,1759972101.1183035
39,120,0.2662313266346852,1759972101.179616
39,130,0.2656983956694603,1759972101.2412028
39,140,0.26471036172338896,1759972101.3035512
39,150,0.2657927746574084,1759972101.3648605
39,160,0.26600416786968706,1759972101.4375896
40,10,0.25279281884431837,1759972102.1607554
40,20,0.2624527126550674,1759972102.2289798
40,30,0.26424941966931026,1759972102.2915592
40,40,0.26602046079933644,1759972102.3532975
40,50,0.2656357419490814,1759972102.4155204
40,60,0.26552726750572525,1759972102.4776106
40,70,0.2672644506607737,1759972102.5391214
40,80,0.26552948616445066,1759972102.6028593
40,90,0.26576270510753,1759972102.6671934
40,100,0.26611895829439164,1759972102.73067
40,110,0.26502702141349965,1759972102.7946787
40,120,0.2648317278673252,1759972102.857314
40,130,0.2645754242172608,1759972102.9200206
40,140,0.2635751575231552,1759972102.9822426
40,150,0.2635987361272176,1759972103.0452437
40,160,0.26396479085087776,1759972103.1306143
41,10,0.2615028992295265,1759972103.8236363
41,20,0.2680830739438534,1759972103.8935883
41,30,0.26393634428580603,1759972103.960377
41,40,0.2624490041285753,1759972104.0258498
41,50,0.26062850654125214,1759972104.0890713
41,60,0.2617609016597271,1759972104.151323
41,70,0.26286811637026924,1759972104.213679
41,80,0.2632332002744079,1759972104.277147
41,90,0.2638821507493655,1759972104.339984
41,100,0.2634661638736725,1759972104.4017155
41,110,0.26446493376385083,1759972104.4632428
41,120,0.26325175501406195,1759972104.525588
41,130,0.26322382871921246,1759972104.5862732
41,140,0.2628094829618931,1759972104.6477668
41,150,0.26209248781204225,1759972104.7092288
41,160,0.26191307669505476,1759972104.7852814
42,10,0.25801788419485094,1759972105.4994452
42,20,0.2595363914966583,1759972105.561604
42,30,0.26089697976907095,1759972105.6247215
42,40,0.25786853544414046,1759972105.6865523
42,50,0.25983707249164584,1759972105.7472548
42,60,0.2591997869312763,1759972105.8087318
42,70,0.25943558620555063,1759972105.8710337
42,80,0.25897313114255666,1759972105.9317985
42,90,0.2608165437976519,1759972105.9930851
42,100,0.26134521201252936,1759972106.0535474
42,110,0.2601577700539069,1759972106.1139898
42,120,0.2601542950918277,1759972106.1751435
42,130,0.2599855913565709,1759972106.2370868
42,140,0.2604998914258821,1759972106.2985306
42,150,0.260600302418073,1759972106.3585885
42,160,0.26003144728019834,1759972106.4322486
43,10,0.25673674792051315,1759972107.1036592
43,20,0.25463919788599015,1759972107.1689765
43,30,0.25978721578915914,1759972107.2331574
43,40,0.25807441100478173,1759972107.2976978
43,50,0.25763398259878156,1759972107.3618631
43,60,0.2581173655887445,1759972107.4244473
43,70,0.2574231188212122,1759972107.4864843
43,80,0.25795598682016135,1759972107.5485342
43,90,0.25964363399479123,1759972107.6117299
43,100,0.25913970306515693,1759972107.6758752
43,110,0.25857534327290277,1759972107.7419512
43,120,0.25927658813695115,1759972107.8065512
43,130,0.25887750799839315,1759972107.8706284
43,140,0.2592320824308055,1759972107.9341748
43,150,0.25848946591218314,1759972107.9969625
43,160,0.25822903756052257,1759972108.07274
44,10,0.2580363392829895,1759972108.7373016
44,20,0.2533135324716568,1759972108.8000157
44,30,0.2528797929485639,1759972108.8623283
44,40,0.25527005940675734,1759972108.9246123
44,50,0.2554709878563881,1759972108.9872766
44,60,0.25565650736292206,1759972109.0501008
44,70,0.25650289803743365,1759972109.1116261
44,80,0.25805946812033653,1759972109.1738842
44,90,0.2578554262717565,1759972109.2360318
44,100,0.2576500701904297,1759972109.297584
44,110,0.25805055512623354,1759972109.3587728
44,120,0.2575068830202023,1759972109.4205267
44,130,0.2569465396495966,1759972109.4819741
44,140,0.2564864544996193,1759972109.54579
44,150,0.25657073497772215,1759972109.6102479
44,160,0.2564661561511457,1759972109.6844733
45,10,0.26037618666887286,1759972110.486651
45,20,0.2550094276666641,1759972110.5579011
45,30,0.2548145110408465,1759972110.6245465
45,40,0.2551797267049551,1759972110.6904552
45,50,0.2563253977894783,1759972110.7562575
45,60,0.25840045188864075,1759972110.8245702
45,70,0.2584343041692461,1759972110.8914523
45,80,0.257387544028461,1759972110.9539573
45,90,0.2569293071826299,1759972111.0165944
45,100,0.2561385315656662,1759972111.0790238
45,110,0.2562386241826144,1759972111.1417117
45,120,0.25599844778577485,1759972111.2041407
45,130,0.2554188935802533,1759972111.266422
45,140,0.25559195652604105,1759972111.3272758
45,150,0.25601138760646186,1759972111.3890965
45,160,0.2549216729588807,1759972111.4649084
46,10,0.25177929997444154,1759972112.1287813
46,20,0.24993787035346032,1759972112.195813
46,30,0.2545879493157069,1759972112.259036
46,40,0.255663076043129,1759972112.3214438
46,50,0.2521603786945343,1759972112.387254
46,60,0.2509765883286794,1759972112.4592917
46,70,0.2514228173664638,1759972112.526671
46,80,0.2527902591973543,1759972112.5919833
46,90,0.25345986899402406,1759972112.6548676
46,100,0.2535340838134289,1759972112.71758
46,110,0.25377888909795066,1759972112.7790415
46,120,0.25369210292895633,1759972112.8399086
46,130,0.2543080971791194,1759972112.9013925
46,140,0.25398419201374056,1759972112.962684
46,150,0.2537508410215378,1759972113.022929
46,160,0.2531917261891067,1759972113.0968745
47,10,0.25310022234916685,1759972113.7966702
47,20,0.2532922692596912,1759972113.8656785
47,30,0.2533286844690641,1759972113.9310892
47,40,0.2571161035448313,1759972113.9949343
47,50,0.25697239607572553,1759972114.0556421
47,60,0.2577045721312364,1759972114.1230042
47,70,0.257748376258782,1759972114.1870346
47,80,0.25586460418999196,1759972114.2498012
47,90,0.25444574819670784,1759972114.3122797
47,100,0.253243710398674,1759972114.3744686
47,110,0.25210903219201347,1759972114.4357421
47,120,0.2527565372486909,1759972114.5008276
47,130,0.252420490865524,1759972114.5634334
47,140,0.2518270414854799,1759972114.625419
47,150,0.25155517329772314,1759972114.691074
47,160,0.25160896508023145,1759972114.7681463
48,10,0.24893250912427903,1759972115.4469707
48,20,0.2548012509942055,1759972115.5126717
48,30,0.2582586238781611,1759972115.5782242
48,40,0.25264339372515676,1759972115.6473413
48,50,0.2502049186825752,1759972115.7133887
48,60,0.2497435949742794,1759972115.7752616
48,70,0.2507163250020572,1759972115.837019
48,80,0.2502333538606763,1759972115.8983903
48,90,0.24983794887860616,1759972115.9627268
48,100,0.2506888747215271,1759972116.02567
48,110,0.25032754079862074,1759972116.0871127
48,120,0.24983465485274792,1759972116.1479337
48,130,0.250062398154002,1759972116.2092023
48,140,0.2493551700242928,1759972116.269747
48,150,0.2490571455160777,1759972116.3307078
48,160,0.24992166813462974,1759972116.4061549
49,10,0.24614327251911164,1759972117.0896766
49,20,0.2487426221370697,1759972117.159322
49,30,0.2541318302353223,1759972117.2251186
49,40,0.25516996420919896,1759972117.2901917
49,50,0.2548928090929985,1759972117.3565629
49,60,0.2537219668428103,1759972117.420123
49,70,0.2521398137722697,1759972117.4863808
49,80,0.2527593828737736,1759972117.5525753
49,90,0.2514358980788125,1759972117.6184952
49,100,0.2501073531806469,1759972117.6798608
49,110,0.2502311900258064,1759972117.7413843
49,120,0.24996539950370789,1759972117.8026042
49,130,0.24970843769036807,1759972117.8652031
49,140,0.2495049074292183,1759972117.9311676
49,150,0.24886381695667903,1759972117.9948251
49,160,0.2484495052136481,1759972118.06673
50,10,0.24846438318490982,1759972118.8017998
50,20,0.2431822381913662,1759972118.8681161
50,30,0.24463184227546056,1759972118.9348776
50,40,0.24994780234992503,1759972118.9983072
50,50,0.2502224802970886,1759972119.0620265
50,60,0.2481593298415343,1759972119.12648
50,70,0.2497849526149886,1759972119.1983902
50,80,0.248956966586411,1759972119.2686336
50,90,0.2480368925465478,1759972119.3308299
50,100,0.24838716983795167,1759972119.3925054
50,110,0.24776187688112258,1759972119.4542692
50,120,0.24770657333234947,1759972119.5166242
50,130,0.24704459527364145,1759972119.584387
50,140,0.24690095665199416,1759972119.6485312
50,150,0.24686646888653438,1759972119.7115417
50,160,0.24677302688360214,1759972119.7812638
51,10,0.23745647072792053,1759972120.534492
51,20,0.23564220517873763,1759972120.6022213
51,30,0.23754651298125584,1759972120.6649687
51,40,0.24109716340899467,1759972120.728391
51,50,0.2394966486096382,1759972120.7908435
51,60,0.2390811748802662,1759972120.851964
51,70,0.24051784447261265,1759972120.9132361
51,80,0.24135615415871142,1759972120.983634
51,90,0.24170987920628653,1759972121.0456412
51,100,0.24356000378727913,1759972121.1086316
51,110,0.24342783526940778,1759972121.1712472
51,120,0.24524009749293327,1759972121.2326658
51,130,0.24512991297703524,1759972121.2931466
51,140,0.24479184438075338,1759972121.3572989
51,150,0.24524369875590007,1759972121.4184427
51,160,0.24497847314924,1759972121.4936213
52,10,0.234905843436718,1759972122.1853197
52,20,0.23727890402078627,1759972122.2536547
52,30,0.24134189486503602,1759972122.3183925
52,40,0.24355647303164005,1759972122.383614
52,50,0.24418760538101197,1759972122.4484074
52,60,0.24226297587156295,1759972122.5193431
52,70,0.24074850997754504,1759972122.5859745
52,80,0.24052087888121604,1759972122.6511464
52,90,0.24063454700840844,1759972122.716519
52,100,0.24149035319685935,1759972122.781822
52,110,0.24273365437984468,1759972122.849481
52,120,0.24358140776554743,1759972122.91385
52,130,0.24303205265448644,1759972122.9790163
52,140,0.24305371695331165,1759972123.0428314
52,150,0.2430645360549291,1759972123.106412
52,160,0.24345061145722866,1759972123.1910942
53,10,0.232344551384449,1759972123.9228942
53,20,0.2410746805369854,1759972123.9879029
53,30,0.243778890868028,1759972124.0536592
53,40,0.24271107241511344,1759972124.118643
53,50,0.24514893293380738,1759972124.187498
53,60,0.24613485063115756,1759972124.2533944
53,70,0.24605728089809417,1759972124.317835
53,80,0.24755033310502766,1759972124.3836427
53,90,0.24793113205167983,1759972124.4484448
53,100,0.24624199971556662,1759972124.5084734
53,110,0.24550288387320257,1759972124.5704474
53,120,0.24415194503962995,1759972124.6362004
53,130,0.24315912643304238,1759972124.698618
53,140,0.2426017803805215,1759972124.762115
53,150,0.2421228849887848,1759972124.8236253
53,160,0.24202776346355676,1759972124.8912857
54,10,0.25877589285373687,1759972125.5735931
54,20,0.24891133829951287,1759972125.6394591
54,30,0.24356277684370678,1759972125.7025788
54,40,0.24499744698405265,1759972125.7652538
54,50,0.2438615107536316,1759972125.8281212
54,60,0.24461387594540915,1759972125.891478
54,70,0.24247430860996247,1759972125.954025
54,80,0.24366195481270553,1759972126.0163162
54,90,0.24334765672683717,1759972126.07892
54,100,0.24267566084861755,1759972126.1444738
54,110,0.24260067601095547,1759972126.2083666
54,120,0.24305803316334884,1759972126.2739518
54,130,0.24266471450145427,1759972126.3381255
54,140,0.2418180556169578,1759972126.4024205
54,150,0.24114675382773082,1759972126.464404
54,160,0.2408125950023532,1759972126.5383916
55,10,0.2408566951751709,1759972127.3192184
55,20,0.2421596094965935,1759972127.382642
55,30,0.23919220467408497,1759972127.4438462
55,40,0.24372440651059152,1759972127.5053668
55,50,0.24168466687202453,1759972127.5663657
55,60,0.24116759250561395,1759972127.6280882
55,70,0.2414149216243199,1759972127.6887405
55,80,0.24048041105270385,1759972127.7590349
55,90,0.23948150426149367,1759972127.8209176
55,100,0.2398067346215248,1759972127.8816226
55,110,0.23951067409732124,1759972127.9409335
55,120,0.23925242784122627,1759972128.001121
55,130,0.24016281744608511,1759972128.0615036
55,140,0.239122361689806,1759972128.1263728
55,150,0.23996189455191294,1759972128.187408
55,160,0.23976454455405474,1759972128.2616217
56,10,0.22436780631542205,1759972128.9264014
56,20,0.23198898658156394,1759972128.9899797
56,30,0.23563330968221027,1759972129.0532367
56,40,0.23490021824836732,1759972129.1150908
56,50,0.2364169576764107,1759972129.1770098
56,60,0.23595323115587236,1759972129.2379315
56,70,0.2362888840692384,1759972129.3005314
56,80,0.23733445722609758,1759972129.3684492
56,90,0.23683223111761942,1759972129.43449
56,100,0.23813892677426338,1759972129.4976997
56,110,0.23807826150547373,1759972129.5617456
56,120,0.23774149318536122,1759972129.6251814
56,130,0.238148811344917,1759972129.689963
56,140,0.23872300684452058,1759972129.7583652
56,150,0.23909786611795425,1759972129.8234978
56,160,0.23880619639530778,1759972129.89757
57,10,0.2386490136384964,1759972130.5998218
57,20,0.24605636969208716,1759972130.6624002
57,30,0.24208875646193823,1759972130.7253919
57,40,0.23766003996133805,1759972130.7889397
57,50,0.2380690297484398,1759972130.8510418
57,60,0.23930524066090583,1759972130.913113
57,70,0.23851359699453625,1759972130.9787045
57,80,0.23673899583518504,1759972131.0486436
57,90,0.23744913405842252,1759972131.111577
57,100,0.2382502420246601,1759972131.1732388
57,110,0.23843953284350308,1759972131.2349095
57,120,0.23840492591261864,1759972131.2964933
57,130,0.23769487967857947,1759972131.3584654
57,140,0.23714801211442266,1759972131.4237282
57,150,0.23813975602388382,1759972131.4848218
57,160,0.23794870609417557,1759972131.5569513
58,10,0.2274736538529396,1759972132.2443595
58,20,0.23592532500624658,1759972132.3073032
58,30,0.2395685484011968,1759972132.371185
58,40,0.23795482218265535,1759972132.4349303
58,50,0.23745230704545975,1759972132.4969418
58,60,0.23786275684833527,1759972132.5607936
58,70,0.2381075124655451,1759972132.6218324
58,80,0.2383464016020298,1759972132.6830273
58,90,0.23830234938197667,1759972132.74454
58,100,0.23878744795918463,1759972132.805273
58,110,0.23759169632738286,1759972132.8654788
58,120,0.2371790036559105,1759972132.9264162
58,130,0.2379809184716298,1759972132.987006
58,140,0.2380080843610423,1759972133.0496018
58,150,0.23813361883163453,1759972133.1121728
58,160,0.2370514538139105,1759972133.1921074
59,10,0.24258705526590346,1759972133.862309
59,20,0.23851009383797644,1759972133.9245155
59,30,0.24005586703618367,1759972133.985968
59,40,0.23979999385774137,1759972134.046699
59,50,0.23929051727056502,1759972134.1075418
59,60,0.23863472665349642,1759972134.1689548
59,70,0.23729323617049625,1759972134.2304747
59,80,0.23798782043159009,1759972134.2915351
59,90,0.2376767603887452,1759972134.352615
59,100,0.2374499636888504,1759972134.4133434
59,110,0.23808717104521665,1759972134.4735508
59,120,0.23653472252190114,1759972134.5345101
59,130,0.2364170777109953,1759972134.5952873
59,140,0.23673039142574584,1759972134.6566548
59,150,0.23666405230760573,1759972134.7167861
59,160,0.23636454315856098,1759972134.7953079
60,10,0.22954459935426713,1759972135.4680326
60,20,0.2340148240327835,1759972135.5327613
60,30,0.23495874106884002,1759972135.5954187
60,40,0.2343422707170248,1759972135.6589699
60,50,0.23403794705867767,1759972135.7206876
60,60,0.2344927077492078,1759972135.7836668
60,70,0.23470383541924614,1759972135.8485682
60,80,0.23550738096237184,1759972135.9110925
60,90,0.2349552740653356,1759972135.9745607
60,100,0.23541389927268028,1759972136.0358381
60,110,0.23476464260708202,1759972136.0980718
60,120,0.23580272806187472,1759972136.158641
60,130,0.2358804545723475,1759972136.2285652
60,140,0.23609707142625536,1759972136.2888956
60,150,0.23602631588776907,1759972136.3503807
60,160,0.23545976346358657,1759972136.4240308
61,10,0.22638341337442397,1759972137.137159
61,20,0.22429555878043175,1759972137.2021885
61,30,0.22641470531622568,1759972137.2643368
61,40,0.2288387916982174,1759972137.3267522
61,50,0.23263271450996398,1759972137.3883011
61,60,0.23277829413612683,1759972137.4508915
61,70,0.23272248400109155,1759972137.5161362
61,80,0.23049127608537673,1759972137.5798945
61,90,0.23010050737195545,1759972137.6445222
61,100,0.23184023454785346,1759972137.70594
61,110,0.23349126875400544,1759972137.7675853
61,120,0.23469748323162395,1759972137.8287985
61,130,0.23423317407186214,1759972137.8893685
61,140,0.23499584613101823,1759972137.953284
61,150,0.23490904996792475,1759972138.0186906
61,160,0.23483962593600155,1759972138.0868
62,10,0.21954142302274704,1759972138.758214
62,20,0.22781502902507783,1759972138.8199477
62,30,0.2321346441904704,1759972138.881829
62,40,0.23091742731630802,1759972138.9427125
62,50,0.23118514239788054,1759972139.0030472
62,60,0.23317334776123363,1759972139.0641022
62,70,0.23422797705445972,1759972139.125347
62,80,0.23340192902833223,1759972139.185233
62,90,0.23346619374222224,1759972139.2474904
62,100,0.23329815715551377,1759972139.3095744
62,110,0.23319413065910338,1759972139.37798
62,120,0.23404967909057936,1759972139.4406612
62,130,0.23422461977371803,1759972139.501686
62,140,0.23451985376221793,1759972139.5629523
62,150,0.23444929311672846,1759972139.624151
62,160,0.2342332823202014,1759972139.6932683
63,10,0.239789679646492,1759972140.3902009
63,20,0.23879619538784028,1759972140.456186
63,30,0.23634344438711802,1759972140.5222247
63,40,0.23714944794774057,1759972140.5890393
63,50,0.2347007191181183,1759972140.6549964
63,60,0.23348181545734406,1759972140.7216895
63,70,0.23237484225205013,1759972140.7859879
63,80,0.23222106602042913,1759972140.8523362
63,90,0.23269207378228504,1759972140.9170268
63,100,0.23307472109794616,1759972140.982367
63,110,0.23280157148838043,1759972141.04782
63,120,0.2326462014267842,1759972141.1124198
63,130,0.23282826176056495,1759972141.1770697
63,140,0.23241188707096236,1759972141.241723
63,150,0.23302403817574183,1759972141.3060188
63,160,0.23362769838422537,1759972141.3805878
64,10,0.22469527423381805,1759972142.1293633
64,20,0.2291601926088333,1759972142.1961532
64,30,0.23345611443122227,1759972142.2739384
64,40,0.2326454311609268,1759972142.351625
64,50,0.23287680476903916,1759972142.425793
64,60,0.23168975139657658,1759972142.488393
64,70,0.23278700751917702,1759972142.550767
64,80,0.23182183485478164,1759972142.6177151
64,90,0.23197181555959914,1759972142.684626
64,100,0.23173773735761644,1759972142.7506824
64,110,0.23094321868636392,1759972142.8146074
64,120,0.23169082428018253,1759972142.8789506
64,130,0.2321105624620731,1759972142.9467466
64,140,0.23192847764917782,1759972143.012464
64,150,0.23306099514166514,1759972143.074998
64,160,0.23302414994686843,1759972143.1554637
65,10,0.2373742014169693,1759972143.8579857
65,20,0.23203606605529786,1759972143.9322305
65,30,0.23189570307731627,1759972143.9991403
65,40,0.23033627979457377,1759972144.064914
65,50,0.23218854188919066,1759972144.1296074
65,60,0.23101208383838337,1759972144.1951928
65,70,0.2323191408600126,1759972144.2625294
65,80,0.23380515556782483,1759972144.3351893
65,90,0.23375330385234622,1759972144.411464
65,100,0.23328423961997033,1759972144.4828296
65,110,0.23202462927861647,1759972144.553823
65,120,0.2325491229693095,1759972144.6228678
65,130,0.2321583031461789,1759972144.690734
65,140,0.23208072962505477,1759972144.7579677
65,150,0.2322360987464587,1759972144.8243475
65,160,0.23248051768168806,1759972144.921761
66,10,0.2510486632585526,1759972146.009403
66,20,0.24630379751324655,1759972146.0833852
66,30,0.24109305242697399,1759972146.1566594
66,40,0.23916669003665447,1759972146.2275321
66,50,0.23528795182704926,1759972146.2928607
66,60,0.23326495562990507,1759972146.358093
66,70,0.23411945934806552,1759972146.4260042
66,80,0.23422837164252996,1759972146.5206864
66,90,0.2332609029279815,1759972146.5883682
66,100,0.23241805136203766,1759972146.6568267
66,110,0.232468251071193,1759972146.7335296
66,120,0.23251982765893142,1759972146.8002539
66,130,0.2323403388261795,1759972146.865231
66,140,0.2312289049582822,1759972146.9358845
66,150,0.23175403932730357,1759972147.0068996
66,160,0.23176466785371302,1759972147.1263614
67,10,0.2321339577436447,1759972148.2933927
67,20,0.23275597020983696,1759972148.3678284
67,30,0.22977509597937265,1759972148.4478803
67,40,0.22886596173048018,1759972148.512574
67,50,0.22830239117145537,1759972148.5792515
67,60,0.22832759817441303,1759972148.6474164
67,70,0.23033370269196374,1759972148.7261505
67,80,0.22907834630459548,1759972148.7953243
67,90,0.22834239568975237,1759972148.8607504
67,100,0.22947988018393517,1759972148.9239056
67,110,0.2296015977859497,1759972148.987309
67,120,0.23013901288310687,1759972149.0499692
67,130,0.23051840491019762,1759972149.1138556
67,140,0.2302101285329887,1759972149.1766279
67,150,0.23104762772719065,1759972149.239998
67,160,0.2313754538074136,1759972149.3344736
68,10,0.22621317207813263,1759972150.396797
68,20,0.23473433330655097,1759972150.4587312
68,30,0.2333474482099215,1759972150.5201666
68,40,0.23313039876520633,1759972150.582892
68,50,0.2314204615354538,1759972150.6445935
68,60,0.23465111230810484,1759972150.7061665
68,70,0.23330358862876893,1759972150.7673693
68,80,0.23167707473039628,1759972150.834719
68,90,0.23084671166208054,1759972150.8977602
68,100,0.23130113109946251,1759972150.95891
68,110,0.23117217231880535,1759972151.0201259
68,120,0.23056080453097821,1759972151.0813808
68,130,0.23029725952790334,1759972151.1430984
68,140,0.23063091124807086,1759972151.2122378
68,150,0.2305741177002589,1759972151.2775898
68,160,0.23072716454043984,1759972151.3597465
69,10,0.237527559697628,1759972152.120885
69,20,0.2314709983766079,1759972152.185257
69,30,0.2310444821914037,1759972152.2484198
69,40,0.23146416917443274,1759972152.311415
69,50,0.22817675799131393,1759972152.3770208
69,60,0.22705369939406714,1759972152.4474785
69,70,0.22718006925923484,1759972152.5163152
69,80,0.22669961135834454,1759972152.594308
69,90,0.22851769510242675,1759972152.6603677
69,100,0.2277299226820469,1759972152.7338297
69,110,0.22857791632413865,1759972152.810462
69,120,0.22873166526357333,1759972152.8904839
69,130,0.22837363401284586,1759972152.9598236
69,140,0.22883562562721116,1759972153.021105
69,150,0.22933043976624806,1759972153.0810921
69,160,0.23022888535633684,1759972153.158392
70,10,0.22123773097991944,1759972154.0018194
70,20,0.22103722989559174,1759972154.0653107
70,30,0.2245411644379298,1759972154.1281953
70,40,0.2268946621567011,1759972154.1909895
70,50,0.2282630905508995,1759972154.2529943
70,60,0.2308473564684391,1759972154.3168783
70,70,0.22925887874194553,1759972154.380143
70,80,0.23007339593023063,1759972154.4419262
70,90,0.2298887837264273,1759972154.5040727
70,100,0.23015334740281104,1759972154.5660465
70,110,0.2301349937915802,1759972154.6290028
70,120,0.22977675596872965,1759972154.6917737
70,130,0.2296961471438408,1759972154.755157
70,140,0.2298126322882516,1759972154.8169022
70,150,0.22917104462782542,1759972154.879613
70,160,0.22965588262304665,1759972154.9549708
71,10,0.22472000122070312,1759972155.6836967
71,20,0.23145852386951446,1759972155.752133
71,30,0.22839354425668718,1759972155.8157873
71,40,0.22911947630345822,1759972155.8784285
71,50,0.23009887516498564,1759972155.9413369
71,60,0.22789209907253583,1759972156.0108979
71,70,0.22707429208925792,1759972156.0817494
71,80,0.22767416406422852,1759972156.145015
71,90,0.22783497439490424,1759972156.2075515
71,100,0.22877588376402855,1759972156.2699332
71,110,0.22906247824430465,1759972156.332426
71,120,0.2277869256834189,1759972156.3986924
71,130,0.22845304906368255,1759972156.4604812
71,140,0.2284426671053682,1759972156.5273206
71,150,0.22875772247711817,1759972156.595055
71,160,0.22920428588986397,1759972156.6754775
72,10,0.23086151778697966,1759972157.4285183
72,20,0.2276856742799282,1759972157.4946852
72,30,0.23001674314339957,1759972157.557829
72,40,0.22517959363758563,1759972157.6209395
72,50,0.2265990659594536,1759972157.6968913
72,60,0.2272231953839461,1759972157.7648294
72,70,0.2282041568841253,1759972157.8300185
72,80,0.22768294233828784,1759972157.8934276
72,90,0.22846265137195587,1759972157.9566875
72,100,0.22904830187559128,1759972158.025291
72,110,0.22950435754927723,1759972158.0942411
72,120,0.22977972105145456,1759972158.1705296
72,130,0.23030212028668476,1759972158.2348442
72,140,0.2294837862253189,1759972158.2986383
72,150,0.22933696319659552,1759972158.3612232
72,160,0.2288202064111829,1759972158.4483573
73,10,0.22832253873348235,1759972159.1661184
73,20,0.22522477582097053,1759972159.2354267
73,30,0.22484390785296757,1759972159.3077374
73,40,0.22888576276600361,1759972159.3819246
73,50,0.22939196437597276,1759972159.4456236
73,60,0.22666390935579936,1759972159.5073845
73,70,0.22778541318007878,1759972159.5686426
73,80,0.22674886956810952,1759972159.6303644
73,90,0.22613186488548914,1759972159.6926866
73,100,0.22677327185869217,1759972159.755748
73,110,0.22682507715441963,1759972159.8182075
73,120,0.22728823858002822,1759972159.8808367
73,130,0.22736299886153294,1759972159.9423726
73,140,0.22689690675054278,1759972160.0037644
73,150,0.22747434268395106,1759972160.0659432
73,160,0.22836764799430967,1759972160.1441607
74,10,0.22413851767778398,1759972160.934013
74,20,0.2257245108485222,1759972161.0001447
74,30,0.22859536359707514,1759972161.0636797
74,40,0.22560304030776024,1759972161.1265435
74,50,0.22273105889558792,1759972161.1883855
74,60,0.22463509812951088,1759972161.2506495
74,70,0.2257955197777067,1759972161.3127477
74,80,0.22594617400318384,1759972161.3743796
74,90,0.22839021666182413,1759972161.4383185
74,100,0.2293663239479065,1759972161.5010548
74,110,0.22738576544956726,1759972161.5637264
74,120,0.227694130068024,1759972161.630422
74,130,0.2284689277410507,1759972161.6957066
74,140,0.22726384976080485,1759972161.7614617
74,150,0.22722190260887146,1759972161.826842
74,160,0.22784438086673617,1759972161.9058764
75,10,0.22619544863700866,1759972162.59486
75,20,0.2232319340109825,1759972162.669754
75,30,0.22590601295232773,1759972162.7432637
75,40,0.22478270418941976,1759972162.828904
75,50,0.22427459865808486,1759972162.9064941
75,60,0.22560664614041645,1759972162.979761
75,70,0.22632935174873897,1759972163.046398
75,80,0.22648153342306615,1759972163.1223319
75,90,0.22692723870277404,1759972163.1910331
75,100,0.22688343316316606,1759972163.2574852
75,110,0.22748769535259766,1759972163.3228447
75,120,0.22712057183186213,1759972163.392827
75,130,0.22634064956353261,1759972163.4717827
75,140,0.22668862108673368,1759972163.5381079
75,150,0.227206162015597,1759972163.6056569
75,160,0.22740661157295108,1759972163.6802664
76,10,0.22001660019159316,1759972164.5365891
76,20,0.22337748780846595,1759972164.6057498
76,30,0.22507667044798532,1759972164.6794555
76,40,0.22999005913734435,1759972164.74718
76,50,0.22967821329832078,1759972164.8158295
76,60,0.2257443808019161,1759972164.8883274
76,70,0.2267168973173414,1759972164.9566271
76,80,0.2254946742206812,1759972165.024514
76,90,0.22653382801347308,1759972165.0954802
76,100,0.2276431991159916,1759972165.1698158
76,110,0.22682084955952383,1759972165.2374473
76,120,0.22677899214128652,1759972165.3113132
76,130,0.22753347685703865,1759972165.3791735
76,140,0.22646131834813527,1759972165.4456775
76,150,0.22665060718854269,1759972165.511191
76,160,0.22695087492465973,1759972165.586094
77,10,0.2155684858560562,1759972166.3300784
77,20,0.22029278352856635,1759972166.4017088
77,30,0.22174278795719146,1759972166.4695244
77,40,0.22228282392024995,1759972166.5392163
77,50,0.22295017242431642,1759972166.6066809
77,60,0.22336157883207003,1759972166.6750026
77,70,0.22573683304446085,1759972166.7439728
77,80,0.22535261698067188,1759972166.8118515
77,90,0.22561686204539405,1759972166.8908505
77,100,0.22583966031670571,1759972166.9590611
77,110,0.22550186839970676,1759972167.0240831
77,120,0.22693719752132893,1759972167.0882194
77,130,0.22803900218926942,1759972167.1515052
77,140,0.22787913296903883,1759972167.2122912
77,150,0.22662269502878188,1759972167.276961
77,160,0.22672011675313114,1759972167.3471696
78,10,0.2159985840320587,1759972168.0660713
78,20,0.21996674835681915,1759972168.1362178
78,30,0.22476955006519952,1759972168.197839
78,40,0.23002998456358908,1759972168.2591887
78,50,0.230634882748127,1759972168.3209884
78,60,0.2302583115796248,1759972168.3823705
78,70,0.22891304854835784,1759972168.443563
78,80,0.22901483234018088,1759972168.5047908
78,90,0.22971391810311212,1759972168.567071
78,100,0.22737325876951217,1759972168.6345832
78,110,0.2279606728391214,1759972168.706435
78,120,0.22805188397566478,1759972168.7765133
78,130,0.22760988760453005,1759972168.8492582
78,140,0.2269048620547567,1759972168.9240494
78,150,0.22621621837218603,1759972168.987113
78,160,0.22611261336132885,1759972169.063673
79,10,0.2252868592739105,1759972169.8530135
79,20,0.23376099318265914,1759972169.9192824
79,30,0.23312813838322957,1759972169.9857376
79,40,0.23072657734155655,1759972170.0489326
79,50,0.23029638081789017,1759972170.1124794
79,60,0.22958314220110576,1759972170.175567
79,70,0.22984279926334109,1759972170.2374759
79,80,0.22930480148643256,1759972170.3042598
79,90,0.2268486511376169,1759972170.3668337
79,100,0.22816593408584596,1759972170.4293373
79,110,0.2268411481922323,1759972170.4927466
79,120,0.22654234990477562,1759972170.556215
79,130,0.22628962924847237,1759972170.6226895
79,140,0.22640767470002174,1759972170.693111
79,150,0.22548406461874643,1759972170.7606006
79,160,0.22561893770471214,1759972170.8432868
80,10,0.22684279680252076,1759972171.4993334
80,20,0.22727178335189818,1759972171.56295
80,30,0.22755601207415263,1759972171.6261597
80,40,0.22933590672910215,1759972171.6882145
80,50,0.22887649595737458,1759972171.7514575
80,60,0.2275426094730695,1759972171.8165946
80,70,0.2272976157920701,1759972171.8812525
80,80,0.22646350413560867,1759972171.9626818
80,90,0.22581734326150682,1759972172.0381496
80,100,0.22520102366805075,1759972172.1033525
80,110,0.22572648890993813,1759972172.1693487
80,120,0.22549690455198287,1759972172.2360172
80,130,0.22525141422565167,1759972172.3004274
80,140,0.2247819014957973,1759972172.368363
80,150,0.22574533472458522,1759972172.4330947
80,160,0.22525149052962662,1759972172.5074909
81,10,0.22921289801597594,1759972173.2749949
81,20,0.2276803195476532,1759972173.3387935
81,30,0.22650107542673747,1759972173.400536
81,40,0.22641110345721244,1759972173.462187
81,50,0.22553951442241668,1759972173.5231426
81,60,0.2249060295522213,1759972173.5845304
81,70,0.22667710717235293,1759972173.6467001
81,80,0.22633838430047035,1759972173.7087095
81,90,0.2265776750114229,1759972173.7711067
81,100,0.22643502175807953,1759972173.8319
81,110,0.226681809398261,1759972173.8938477
81,120,0.2264600361386935,1759972173.958294
81,130,0.2257592057952514,1759972174.0223827
81,140,0.22558739110827447,1759972174.0906873
81,150,0.22521417846282324,1759972174.1577766
81,160,0.2249019617214799,1759972174.238036
82,10,0.21637831181287764,1759972175.0142436
82,20,0.22040923088788986,1759972175.0841165
82,30,0.22082946946223578,1759972175.1533864
82,40,0.22145556658506393,1759972175.2204368
82,50,0.2219643160700798,1759972175.2864308
82,60,0.2204570770263672,1759972175.3510373
82,70,0.22168928406068256,1759972175.4147859
82,80,0.2204354764893651,1759972175.4787993
82,90,0.22039067778322433,1759972175.5427494
82,100,0.22261206179857254,1759972175.6064873
82,110,0.22313618009740657,1759972175.6698952
82,120,0.22325513673325378,1759972175.7342029
82,130,0.22323591147477811,1759972175.8000302
82,140,0.22376243908490454,1759972175.8665457
82,150,0.22377758761247,1759972175.9317183
82,160,0.22454567421227695,1759972176.0072315
83,10,0.22210630178451538,1759972176.7753677
83,20,0.21987567618489265,1759972176.846004
83,30,0.22121137032906216,1759972176.9147313
83,40,0.22109570987522603,1759972176.9818876
83,50,0.2224152946472168,1759972177.0453222
83,60,0.22257970372835795,1759972177.119982
83,70,0.22568803216729846,1759972177.1845694
83,80,0.22507688216865063,1759972177.2480676
83,90,0.22390444278717042,1759972177.3117828
83,100,0.22314149588346482,1759972177.3762195
83,110,0.2236309755932201,1759972177.4448051
83,120,0.2242086585611105,1759972177.51857
83,130,0.22595418920883767,1759972177.583455
83,140,0.22551350284899985,1759972177.6512933
83,150,0.2245552205046018,1759972177.7148015
83,160,0.22411817442625762,1759972177.7907498
84,10,0.223952117562294,1759972178.4594047
84,20,0.2299447126686573,1759972178.5290155
84,30,0.22308983902136484,1759972178.5976348
84,40,0.2220249492675066,1759972178.6658995
84,50,0.22253287076950073,1759972178.7325144
84,60,0.22069105903307598,1759972178.7990634
84,70,0.2201303922704288,1759972178.867436
84,80,0.2215820349752903,1759972178.9376514
84,90,0.22016902582512962,1759972179.0059931
84,100,0.22082970663905144,1759972179.0740864
84,110,0.22203960676084866,1759972179.1424663
84,120,0.22161677094797294,1759972179.2117274
84,130,0.22240118579222606,1759972179.2806563
84,140,0.22129770144820213,1759972179.34742
84,150,0.22163394828637442,1759972179.430085
84,160,0.22369591388851404,1759972179.5138493
85,10,0.21161812245845796,1759972180.509202
85,20,0.21564480662345886,1759972180.5772245
85,30,0.21774101207653682,1759972180.641835
85,40,0.21794965788722037,1759972180.7245696
85,50,0.22002812564373017,1759972180.8082306
85,60,0.22081810186306636,1759972180.8774314
85,70,0.22122257671185902,1759972180.95342
85,80,0.22171528730541468,1759972181.0175786
85,90,0.22211115525828468,1759972181.0808668
85,100,0.22279568180441855,1759972181.1441972
85,110,0.2227383308789947,1759972181.210943
85,120,0.22339364252984523,1759972181.2745457
85,130,0.22296050970370954,1759972181.336985
85,140,0.2224688451204981,1759972181.4001029
85,150,0.2233304888010025,1759972181.464641
85,160,0.22347181905061006,1759972181.5459278
86,10,0.22015325129032134,1759972182.2435322
86,20,0.21634433791041374,1759972182.317369
86,30,0.22049332310756048,1759972182.3810685
86,40,0.2194745358079672,1759972182.4414582
86,50,0.22377901017665863,1759972182.5034223
86,60,0.22283386463920277,1759972182.5806003
86,70,0.22258976250886917,1759972182.6437473
86,80,0.22332475408911706,1759972182.7089143
86,90,0.22246739897463058,1759972182.7717886
86,100,0.22323493927717208,1759972182.8355615
86,110,0.2233201734044335,1759972182.912093
86,120,0.22229644507169724,1759972182.991609
86,130,0.2234589723440317,1759972183.0562148
86,140,0.22413304703576223,1759972183.12262
86,150,0.22324878652890523,1759972183.1862147
86,160,0.22316540153697134,1759972183.2649362
87,10,0.22436893880367278,1759972183.9931273
87,20,0.2200370453298092,1759972184.0666206
87,30,0.22040105511744817,1759972184.1397045
87,40,0.22108184546232224,1759972184.2113738
87,50,0.2213102886080742,1759972184.2837274
87,60,0.22086615810791652,1759972184.3577113
87,70,0.2194478194628443,1759972184.4384096
87,80,0.21998282689601184,1759972184.5154986
87,90,0.22125300781594381,1759972184.5927558
87,100,0.2222050330042839,1759972184.6674445
87,110,0.22270116887309335,1759972184.7375264
87,120,0.2241919173548619,1759972184.812721
87,130,0.22422527109201137,1759972184.8755553
87,140,0.2240133827286107,1759972184.9381585
87,150,0.22277850170930227,1759972185.0012496
87,160,0.22273807562887668,1759972185.0785077
88,10,0.21703388690948486,1759972185.8099608
88,20,0.22448786497116088,1759972185.876555
88,30,0.22727744579315184,1759972185.9396331
88,40,0.22670749463140966,1759972186.008967
88,50,0.2247484889626503,1759972186.0766013
88,60,0.2233876032133897,1759972186.1549911
88,70,0.22137287514550344,1759972186.2218306
88,80,0.22192682549357415,1759972186.2857869
88,90,0.22109309997823504,1759972186.3502736
88,100,0.22026326030492782,1759972186.4139452
88,110,0.22085759084333073,1759972186.4778564
88,120,0.2214092309276263,1759972186.546568
88,130,0.22105601945748696,1759972186.6114779
88,140,0.22237625079495565,1759972186.683543
88,150,0.222174314558506,1759972186.747416
88,160,0.222592244297266,1759972186.8239567
89,10,0.23651839196681976,1759972187.6880558
89,20,0.2391827382147312,1759972187.7620618
89,30,0.23571776549021403,1759972187.836749
89,40,0.23533718548715116,1759972187.9055512
89,50,0.23241975039243698,1759972187.9737186
89,60,0.22979967892169953,1759972188.039214
89,70,0.22556542477437427,1759972188.103731
89,80,0.2234909139573574,1759972188.1670792
89,90,0.2240114168988334,1759972188.228996
89,100,0.22370989009737968,1759972188.2899663
89,110,0.22379874018105594,1759972188.35139
89,120,0.223982285708189,1759972188.414448
89,130,0.22278317866417077,1759972188.4797654
89,140,0.2226607753762177,1759972188.5472512
89,150,0.22265435228745142,1759972188.607845
89,160,0.22225525798276066,1759972188.6765802
90,10,0.22218312025070192,1759972189.4519472
90,20,0.21594244465231896,1759972189.5308588
90,30,0.2240117996931076,1759972189.5980058
90,40,0.22539342641830445,1759972189.6646194
90,50,0.2242382848262787,1759972189.7452068
90,60,0.2214548796415329,1759972189.8146122
90,70,0.2199845620564052,1759972189.8805952
90,80,0.21928668729960918,1759972189.9483733
90,90,0.21907062778870265,1759972190.0118985
90,100,0.22036940529942511,1759972190.0773346
90,110,0.22037284712899816,1759972190.1474435
90,120,0.22038120292127134,1759972190.2187898
90,130,0.22153064264700964,1759972190.2858257
90,140,0.22059666397316116,1759972190.3522997
90,150,0.22090968290964763,1759972190.417756
90,160,0.22184332506731153,1759972190.5020876
91,10,0.2128772333264351,1759972191.2819195
91,20,0.21680897399783133,1759972191.3475316
91,30,0.21872149556875228,1759972191.414106
91,40,0.2205355979502201,1759972191.4782069
91,50,0.21851032674312593,1759972191.5404608
91,60,0.22133359412352244,1759972191.6016364
91,70,0.2206867897084781,1759972191.668239
91,80,0.21995801609009505,1759972191.7312925
91,90,0.2225647270679474,1759972191.793462
91,100,0.22174207121133804,1759972191.8667574
91,110,0.22193449925292622,1759972191.9338913
91,120,0.22220852226018906,1759972192.0011933
91,130,0.22230568069678086,1759972192.0665612
91,140,0.2220425573842866,1759972192.13173
91,150,0.22159713983535767,1759972192.195815
91,160,0.22156474273651838,1759972192.272949
92,10,0.22440571635961531,1759972193.0130162
92,20,0.22433153465390204,1759972193.076247
92,30,0.22656308362881342,1759972193.1584268
92,40,0.22571491524577142,1759972193.2344732
92,50,0.22345176428556443,1759972193.3061004
92,60,0.22446150928735734,1759972193.3691728
92,70,0.22383353007691248,1759972193.4296358
92,80,0.2218064760789275,1759972193.4909713
92,90,0.22185758302609127,1759972193.551037
92,100,0.2211468431353569,1759972193.6111765
92,110,0.22105013768781315,1759972193.6720588
92,120,0.22277504627903302,1759972193.7377388
92,130,0.2225108789709898,1759972193.8002946
92,140,0.22189041684780803,1759972193.8605742
92,150,0.22082902123530707,1759972193.92123
92,160,0.2211072077974677,1759972193.9968605
93,10,0.2159044161438942,1759972194.82145
93,20,0.21279066652059556,1759972194.8870623
93,30,0.21683381944894792,1759972194.9517992
93,40,0.21890929564833642,1759972195.0174267
93,50,0.2175395593047142,1759972195.0817761
93,60,0.22157396525144576,1759972195.1485298
93,70,0.22097014614513943,1759972195.2138767
93,80,0.22032455652952193,1759972195.2780838
93,90,0.22079054084089067,1759972195.3534596
93,100,0.2233037394285202,1759972195.418662
93,110,0.22186185040257195,1759972195.4821577
93,120,0.22198565391202768,1759972195.5465639
93,130,0.22124013052536892,1759972195.6108336
93,140,0.22164902154888425,1759972195.6790493
93,150,0.22136113772789637,1759972195.7426763
93,160,0.22075325455516576,1759972195.8186834
94,10,0.22106169611215593,1759972196.623308
94,20,0.22232712730765342,1759972196.6880946
94,30,0.2218797966837883,1759972196.7503984
94,40,0.22177467606961726,1759972196.8123963
94,50,0.22153961211442946,1759972196.8735619
94,60,0.22191281790534656,1759972196.9348228
94,70,0.22249978120837893,1759972196.9964154
94,80,0.2209151519462466,1759972197.05732
94,90,0.21910461402601666,1759972197.1304991
94,100,0.21932272613048553,1759972197.1948357
94,110,0.21927154998887669,1759972197.2555518
94,120,0.22011932656168937,1759972197.3167317
94,130,0.22048712349854982,1759972197.3851132
94,140,0.22089190376656395,1759972197.4487653
94,150,0.2210259172320366,1759972197.5145938
94,160,0.2202492349781096,1759972197.590083
95,10,0.21476075202226638,1759972198.3216739
95,20,0.22385236173868178,1759972198.3887277
95,30,0.21714651981989544,1759972198.454261
95,40,0.21664516478776932,1759972198.5186954
95,50,0.22027552127838135,1759972198.5826316
95,60,0.22024685169259708,1759972198.6616378
95,70,0.2206353560090065,1759972198.742875
95,80,0.2206763733178377,1759972198.8118787
95,90,0.22081018620067172,1759972198.8743994
95,100,0.22008281975984573,1759972198.9453542
95,110,0.2203700925816189,1759972199.0082147
95,120,0.21982876795033615,1759972199.0772219
95,130,0.21969858488211266,1759972199.1444669
95,140,0.219860795459577,1759972199.2104256
95,150,0.21914205153783162,1759972199.2780526
95,160,0.21987260021269323,1759972199.360002
96,10,0.21328753978013992,1759972200.1519632
96,20,0.20959396287798882,1759972200.2136307
96,30,0.21274563471476238,1759972200.2752743
96,40,0.21146791540086268,1759972200.3368661
96,50,0.2118046662211418,1759972200.398962
96,60,0.21263809725642205,1759972200.4612675
96,70,0.2154922251190458,1759972200.525375
96,80,0.21641761623322964,1759972200.5868456
96,90,0.2176721399029096,1759972200.6538122
96,100,0.21799874052405357,1759972200.7172377
96,110,0.21886748400601475,1759972200.778518
96,120,0.21901169096430143,1759972200.8395984
96,130,0.21898648200126794,1759972200.9009035
96,140,0.21929075835006578,1759972200.962645
96,150,0.21950797438621522,1759972201.0239065
96,160,0.21956004509702326,1759972201.1003556
97,10,0.23552029728889465,1759972201.8129504
97,20,0.226711455732584,1759972201.8828819
97,30,0.22016072720289231,1759972201.9497318
97,40,0.2191685877740383,1759972202.0217688
97,50,0.22055391788482667,1759972202.0924573
97,60,0.2218510424097379,1759972202.1653976
97,70,0.22180126777717046,1759972202.2365625
97,80,0.2205341000109911,1759972202.307325
97,90,0.21941286938058005,1759972202.3772755
97,100,0.22005799621343614,1759972202.4486012
97,110,0.2209540610963648,1759972202.5208359
97,120,0.2207327950745821,1759972202.5885518
97,130,0.22083593366237786,1759972202.658149
97,140,0.22038966406668936,1759972202.7285726
97,150,0.21951839725176495,1759972202.7999332
97,160,0.2192117603495717,1759972202.8809154
98,10,0.21760205775499344,1759972203.68816
98,20,0.2182761050760746,1759972203.7594984
98,30,0.22014858076969782,1759972203.8286853
98,40,0.2219445277005434,1759972203.8991442
98,50,0.22364275813102721,1759972203.9720218
98,60,0.22403091862797736,1759972204.0373702
98,70,0.22355239774499622,1759972204.1128125
98,80,0.2230505170300603,1759972204.1852243
98,90,0.22067431542608473,1759972204.2535164
98,100,0.22209923550486566,1759972204.3314967
98,110,0.22102424231442538,1759972204.4038632
98,120,0.2198561788847049,1759972204.4784417
98,130,0.22012520271998184,1759972204.5510237
98,140,0.2199031616960253,1759972204.6239834
98,150,0.2200938332080841,1759972204.7019262
98,160,0.21891599092632533,1759972204.7840586
99,10,0.20991886854171754,1759972205.470163
99,20,0.21519616469740868,1759972205.5433972
99,30,0.21605051259199778,1759972205.611373
99,40,0.21508324146270752,1759972205.678231
99,50,0.21482934206724166,1759972205.7462406
99,60,0.2147099388142427,1759972205.8242507
99,70,0.21548540890216827,1759972205.8968663
99,80,0.21665614172816278,1759972205.959555
99,90,0.21651193151871365,1759972206.0207446
99,100,0.2176925663650036,1759972206.08296
99,110,0.21742786304517225,1759972206.1458569
99,120,0.21693811304867266,1759972206.2150283
99,130,0.2172931385728029,1759972206.2805245
99,140,0.21786879737462317,1759972206.3490486
99,150,0.21794741580883661,1759972206.4158132
99,160,0.21842913702130318,1759972206.4898143
